"sugod karong lunes, agusto 9, 2021, ang cebu city government motanyag og libreng sakay alang sa publiko.

tan-awa ang mga rota sa atong mga bus sa ubos."
"come and be blessed!!!

join us online via 500yoccebu for a night of praise and worship with bimbo,samantha, elyzza, quiano and iohanni as the faces and voices behind the songs.

amidst the crisis of the present, let us storm the heavens with prayer by way of singing. it is said that music is the language of the soul; hence, as we express our hearts out by singing, together this is our act of burning incense in worship to god.

it is with fervent hope that this offering pierces thru the clouds to reach the heavens and still be beautiful music at the pleasure of the loving god.

"
"sa pakig-alayon sa emergency rescue unit foundation, ang cebu city government mipahigayon og vaccination sa mga senior citizens sa usa ka home for the aged sa barangay san jose ning syudad karong adlawa, agusto 6, 2021."
"press conference of acting mayor mike rama, august 6, 2021"
"press conference of acting mayor mike rama, august 4, 2021."
post graduate interns batch 2020-2021 graduation ceremony (batch invictus)
"gipahibalo sa department of veterinary medicine and fisheries (dvmf) sa cebu city government nga padayon gihapon ang ilang pagmonitor sa mga kamerkadohan sa syudad alang niadtong wala motuman sa department of agriculture section 3, a.o. no. 5 nga nagmando sa pagbaligya og limpyo ug luwas nga karne.

kinahanglan nga ang mga namaligya og karne dunay meat inspection certificate.

tumong niini nga masiguro nga limpyo ug luwas ang karne nga kan-on sa katawhan.

the department of veterinary medicine and fisheries (dvmf) of cebu city government has announced that they are still monitoring the city's cameras for those who do not obey the department of agriculture section 3, a.o. no. 5 ordered to sell clean and safe meat.

those who sell meat need meat inspection certificate.

it aims to ensure that the meat that the people eat is clean and safe."
"sa kinatibuk-an buwan sa hulyokarong tuiga, ang cebu city transportation office (ccto) naka-issue og 9,646 ka traffic citation ticket (tct) sa mga traffic violators dinhi sa dakbayan sa sugbo gumikan sa kalapasan sa lagda sa trapiko.

naka-impound usab ang ccto 284 ka motorsiklo, 10 ka e-bike, 1 ka truck, 3 ka private, 1 ka trailer og sagad sa violators mao ang walay na presentar nga rehistro og lisensya uban pa."
"ang cebu city government pinaagi sa market operations division (mod) inubanan sa megawide corporation nagpahigayon og turn over ug stall awarding ceremony alang sa mga rehistradong manindahay sa carbon public market gikan sa freedom park ug warwick barracks niadtong biyernes, hulyo 30, 2021.

moabot sa kapin usa ka gatos ka mga manindahay sa freedom ug warwick barracks ang nakadawat og certificate nga naghatag og kasiguraduhan ug nagpamatuod na sila adunay mga stalls sa interem o temporaryo nga market building nga anaa nahimutang sa unit 2, carbon public market samtang padayon nga nagtukod sa permanente nga pasilidad sa merkado.

ang mga stalls walay bayad og libre nga gihatag ngadto sa mga manindahay gikan sa megawide corporation.

gisiguro sa mod nga mao gihapon ug dili mosaka ang renta sa mga manindahay ug dili mo taas ang presyo sa mga baligya.

atol sa maong kalihokan, usa ka runway show ang gipahigayon aron ipakita sa katawhan ang opisyal nga t-shirt ug apron nga gamiton sa mga manindahay.

gikatakda nga buksan na karong ika-upat nga quarter karong tuiga ang mao nga building.

mitambong sa maong kalihokan silang louie ferrer, cebu2world chairman, mod administrator irvin cabales, konsehal renato ""junjun"" osme√±a, konsehal raymond garcia, konsehal jerry guarda, pipila ka mga pangu sa nagkalain-lain nga departamento sa cebu city government, barangay ermita barangay captain mark miral, maria pino, ang presidente sa cebu city united vendors association inc. (ccuva) ug uban pa nga pangu sa mga association sa vendors sa carbon public market.

the cebu city government through market operations division (mod) accompanied by megawide corporation to conduct a turn over and stall awarding ceremony for registered buyers in carbon public market from freedom park and warwick barracks on friday, july 30, 2021.

more than one hundred freedom and warwick barracks residents have received certificate giving assurance and proving that they have stalls in interem or temporary market building available at unit 2, carbon public market while continuing building a permanent facility on the market.

stalls are free of charge and freely handed out to residents from megawide corporation.

the mod ensures that the rent of the residents won't go up the same and the price of the sales won't be high.

during the event, a runway show was held to show the people the official t-shirt and apron for the residents to use.

the same building is set to open in the fourth quarter of this year.

louie ferrer, cebu2world chairman, mod administrator irvin cabales, councilor renato ‚Ä≤‚Ä≤ junjun ‚Ä≤‚Ä≤ osme√±a, councilor raymond garcia, councilor jerry guarda, you will line up in different departments in cebu city government, barangay ermita barangay captain mark miral, maria pino, president of cebu city united vendors association inc. (ccuva) and other vendors association at carbon public market."
"press conference of acting mayor mike rama, august 2, 2021"
"part 1: press conference of acting mayor mike rama, august 2, 2021."
"faith sharing|| @ (tis) tomorrow is sunday, july 31 (saturday evening) at 10pm # 500yoccebu

fr. kingsley garba is from nigeria, a catholic priest from the
catholic diocese of kafanchan- kaduna, nigeria. he is in cebu since 2017 to take up medical studies in obedience to the wishes of his bishop.

come and hear his stories of faith, the nigeria and cebu versions of encounter with god and his people."
"mapasalamaton si cebu city mayor edgar labella sa mga pag-ampo sa tanan samtang nagpaalim siya sa iyang balatian.

cebu city mayor edgar labella is grateful for everyone's prayers as he undergoes his heart.

edgar labella
july 31 at 10:11 am ¬∑

maayong buntag!

i would like to inform everyone na i‚Äôm alive and doing well. kini tungod sa tanan mga nag ampo ug nagpadayag sa ilang pagsuporta. daghan kaayong salamat ug mag amping kitang tanan."
"mommy doc of vicente sotto

join us this afternoon on another episode of tatak sotto as we take a look at the life of dr. celia mabalatan and her undying service in sotto.

see you mga ka-quaranteam!

#tataksotto
#sottobrandofcare
#sottosharedidentity
#kaquaranteam"
"agig tubag sa hangyo sa mga molopyo sa lugar, gihuman na og trabaho sa mga tinugyanan sa department of engineering and public works sa cebu city government ang concrete canal diha sa sitio obos poso, cabreros st., barangay basak san nicolas nga may gitas-on nga 2 ka metros ug 1 ka metro usab ang gilapdon.

gilauman nga makahatag kini ug kaluag sa baradong agianan sa tubig diha sa kanal. ang motorista ug mangagi dili na mahasol pa atol sa panahon sa ting-ulan."
"join us for the fourth episode of the cebu city cebu city quincentennial lecture series

theme: ""kaagi ug katawhan: mga sigpat sa kaaging sugboanon ""
july 30, 2021 | 2:00pm

topic 1: ""the cebu part in the 34 milestones in the philippines""
speaker: mr. ian christopher alfonso

topic 2: ""mactan or mactang: asa man gyud?""
speaker: mr. christian junn gok-ong"
"sotto natin 'to! - replay

mga ka-quaranteam!

join us and let's make another fun-filled thursday together with jaris, jumelboy, and jared.
tara na!

#vsmmc"
"nipahigayon og dungan nga operayon ang philippine drug enforcement agency (pdea) central visayas, cebu city police office, regional mobile force battalion 7 ug philippine navy huwebes, hulyo 29,2021 sa barangay calamba, syudad sa sugbo batok sa mga gidudahang namaligya ug mogamit og illegal nga drugas.

dul-an sa 10 ang nadakpan sa dungan nga operasyon nga gibase sa 10 ka search warrant nga giisyu sa korte.

nasakmit ang 2.96 grams shabu nga gibana-bana mokabat sa kapin p2 milyones ang kantidad nga nasakmit sa mga operatiba.

ang maong operasyon adunay koordinasyon sa pangulo sa cebu city office for substance abuse and prevention (cosap) head jonah john rodriguez kinsa maoy nag-umol sa programa sa community-based drug rehab program ubos sa buhatan ni mayor edgar labella.

human sa maong operasyon, ang pnp, pdea, cosap ug barangay officials sa calamba nipatawag sa pipila ka mga residente naa sa listahan nga gidudahang tig-gamitan sa ginadiling drugas aron ipailawom sila sa programa sa cosap.

gipaabot ang 100 ka drug users ang mapaubos sa maong programa sa cosap apan ang nakahistro miabot lang dul-an 60 ka mga tawo.

si rodriguez miingon nga sa 80 ka barangay sa syudad sa sugbo, duha nalang ka barangay ang wala makaapil sa community-based drug rehab program ug usa niini ang barangay calamba."
"president rodrigo roa duterte conveys his warmest congratulations to olympic gold medalist hidilyn diaz via zoom call at the malaca√±ang golf (malago) clubhouse in malaca√±ang park, manila on july 28, 2021.

in a historic win, diaz became the first filipino to win the philippines its first-ever gold medal at the olympic games tokyo 2020 since the country started competing in 1924. she bested her competitors from other countries in the 55-kilogram category of the women‚Äôs weightlifting division, where china finished in second and kazakhstan came in third.

because of her triumph at the olympics, diaz is set to receive incentives and rewards both from the government and the private sector. these include php10 million cash incentive as mandated by law.

likewise, the senate committee on sports chaired by senator christopher lawrence ‚Äòbong‚Äô go expresses its message of support to the weightlifting champion.

prior to the tokyo olympics, she competed in the 2016 rio olympics where she bagged the silver medal, 2019 southeast asian games, and in the 2018 asian games, all in the same division.

#healasone
#dutertelegacy
#comfortablelifeforall
#partnerforchange

*****"
"president rodrigo roa duterte conveys his warmest congratulations to olympic gold medalist hidilyn diaz via zoom call at the malaca√±ang golf (malago) clubhouse in malaca√±ang park, manila on july 28, 2021.

in a historic win, diaz became the first filipino to win the philippines its first-ever gold medal at the olympic games tokyo 2020 since the country started competing in 1924. she bested her competitors from other countries in the 55-kilogram category of the women‚Äôs weightlifting division, where china finished in second and kazakhstan came in third.

because of her triumph at the olympics, diaz is set to receive incentives and rewards both from the government and the private sector. these include php10 million cash incentive as mandated by law.

likewise, the senate committee on sports chaired by senator christopher lawrence ‚Äòbong‚Äô go expresses its message of support to the weightlifting champion.

prior to the tokyo olympics, she competed in the 2016 rio olympics where she bagged the silver medal, 2019 southeast asian games, and in the 2018 asian games, all in the same division.

#healasone
#dutertelegacy
#comfortablelifeforall
#partnerforchange

*****"
"doctor marissa is here

in observance of the diabetes awareness week, join us live as we talk about diabetes awareness with our guest expert, dr. marissa bravo-garcia vir c. batucan, medical specialist ii from the vsmmc department of internal medicine, together with our hosts dr. celia mabalatan and mr. amil fernandez opigal, and win exciting prizes!

#vsmmcdiabetes
#thedoctorishere
#sottobrandofcare
#sottosharedidentity"
"press conference of acting mayor michael rama, wednesday, july 28, 2021."
"giawhag sa cebu city transportation office (ccto) ang mga tag-iya sa 55 ka sakyanan nga na-clamp nunot sa kalapasan sa night illegal parking atol sa ilang gihimo nga operasyon gikan sa tungang gabii hangtud na sa kabuntagon sa adlaw'ng miyerkules, hulyo 28, 2021.

matod sa ccto nga padayon nilang gi-implementar ang ordinansa sa syudad dili lang tungod sa daghang reklamong nadawat sa ilang buhatan apan aron usab magamit ang lugar panahon nga adunay mga emerhensya nga motumaw panahon sa gabii ug kadlawon.

atol sa operasyon sa ccto 9 ka barangay ang gisusi hinungdan nga miabot sa 55 ka sakyanan ang ilang na-clamp.

awhag sa ccto sa mga tag-iya sa sakyanan nga na-clamp sa pag-settle sa ilang violation sa buhatan sa traffic group sa may 2nd floor, ramos public market nga abli gikan sa 8:00 sa buntag hangtod sa 5:00 sa hapon.

lugar sa na clampan:

üìçsambag 2 (assencion st.)
üìçlabangon ( salvador st., bliss, casamira, sun valley)
üìçtisa (san lorenzo, naya)
üìçpunta princesa (cabarrubias)
üìçkinasang.an (rainbow, acasia)
üìçbulacao pardo ( st. jude)
üìçmambaling (gochan st. st. bernard)
üìçtres de abril (atillo)"
"the national committee on literary arts of the national commission for culture and the arts has published a new book on cebuano literature entitled ""sugilambong: the prewar cebuano novel"" authored by dr. erlinda k. alburo.

join us in today's book launching with our esteemed panelists: dr. hope sabanpan-yu and dr. bea lastimosa of cebuano studies center, and mr. charles dominic sanchez, faculty member of the university of san carlos.

july 28, 2021 | 10:00am"
"how to manage anxiety and isolation

join us live on sotto live mental health check as we talk about ‚Äúhow to manage anxiety and isolation‚Äù with our guest expert, dr. frederick p. tampus from the vsmmc center for behavioral sciences, together with dr. helen valenzona madamba and mr. pierre jabagat.

#mentalhealthcheck
#sottobrandofcare
#sottosharedidentity"
"diabetes awareness week

mga ka-quaranteam!

in observance of diabetes awareness week 2021, join us this afternoon as we talk about 5 myths and facts about diabetes, together with dr. consolacion cutillar.

#kaquaranteam
#sottobrandofcare
#sottosharedidentity"
"alang sa mga cebu city residents ug smart and sun cellular subscribers nga buot nga makadawat og text updates sa mga programa ug uban pang updates sa cebu city government, ang smart communications mitanyag sa cebu city government og dugang pamaagi aron mas mapaabot pa ang mga opisyal nga announcement sa syudad ngadto sa katawhan.

giawhag lang ang mga buot makadawat og updates sa pag fill out niini nga form.

docs.google.com
contact information"
"with president rodrigo roa duterte set to deliver his 6th and final state of the nation address (sona) to the filipino people at 4:00 pm, the presidential broadcast staff - radio television malaca√±ang (rtvm) presents the ‚Äòpamana ng pagbabago 2021: tunay na kalinga at malasakit‚Äô from the house of representatives on july 26, 2021.

presidential communications operations office (pcoo) undersecretary and philippine information agency (pia) director-general ramon cualoping iii hosts the pre-sona program where he talks with several cabinet secretaries and government officials to discuss the major accomplishments of the administration and legacy of the chief executive throughout his six-year term, while he continues to fulfill the promise of change to the filipino nation.

#dutertesona2021
#tatagatmalasakit
#dutertelegacy"
"live: the morning session of the 18th congress (third regular session) opens at the house of representatives (hor) in batasan hills, quezon city on july 26, 2021.

president rodrigo roa duterte is scheduled to deliver his 6th and final state of the nation address (sona) at the hor plenary hall by 4:00 in the afternoon"
"flag ceremony, monday july 26, 2021."
"sustaining the mission of the church in a culture of giving

this is yet another evening of faith sharing. in partnership with spring rain global, a private financial management office that focuses on philanthropic methods, even as their programs are designed for religious institutions and parishes. the diocese of san carlos in negros island has applied this system, and significant individuals from the same place are going to share with everyone how it helps to have a formal program to better manage our nature of giving as a church."
"mga ka-quaranteam!

join us and let's make the last thursday of june a fun-filled day together with jaris, jumelboy, and jared.

tara na!

#vsmmc"
"kapolisan mapasalamaton kang mayor edgar labella ug sa tibuok cebu city government human sa gihatag nga upat ka mga bag-ong sakyanan nga gihatag sa syudad sa cebu city police office.

police are grateful to mayor edgar labella and the whole cebu city government after giving away four new cars given to the city of cebu city police office."
"mipahigayon og seminar ang mga kadagkoan sa cebu city disaster risk reduction management office (ccdrrmo) emergency medical services pinangulohan ni data management cluster head renzo del rosario kabahin sa responsibilidad sa mga public safety officers ngadto sa mga membro sa barangay health emergency response teams (bherts) sa mga barangay sa lusaran, cambinocot, paril tagba-o, tabunan ug pung-ol sibugay."
"alang sa kasayuran sa tanan, ang night parking sa mga sidewalk ug kadalanan gidili basi sa ordinansa sa dakbayan sa sugbo.

ang cebu city transportation office (ccto) niawhag sa publiko nga dili magpasagad og parking sa ilang motorsiklo sa mga kadalanan dinhi sa syudad.

sayo karung buntag sa adlaw‚Äông huwebes, hulyo 22, 2021 ang ccto nipahigayon og operasyon sa pipila ka mga lugar sa syudad diin nakakarga sila og 30 ka motorsiklo diha sa may cabantan, barangay luz, salinas drive, gorordo ave., ug sudlon, lahug.

nanghinaut ang ccto nga unta padayong magmatngon ang publiko sa dili pagpataka og parking sa mga sakyanan aron dili ma-clampan."
"doctor marlo is here (replay)

join us live as we talk about prostate cancer with our guest expert, dr. marlo vir c. batucan, medical specialist iii from the vsmmc department of uro-surgery, together with our hosts dr. celia mabalatan and mr. amil fernandez opigal, and win exciting prizes!

#vsmmcprostatecancer
#thedoctorishere
#sottobrandofcare
#sottosharedidentity"
"unsay mga requirements alang sa pagkuha og tax declaration?

basaha ang mga requirements sa pagkuha og tax declaration kon ang imong real property bag-o pa lang kun new property nga naa sa cebu city. adto kini kuhaon sa cebu city assessor's office nga naa mahimutang sa 4th floor, executive building sa cebu city hall."
"tungod sa pagpataka og parking bisan dunay mga pahimangno, cebu city transportation office (ccto) naka clamp og 11 ka mga sakyanan ug laing 8 ang naisyuhan og citation ticket alang sa ilang traffic violations atol sa gipahigayong operation sa sitio sudlon ug dalan echavez karong adlawa, hulyo 19, 2021.

because of parking even though there are notifications, cebu city transportation office (ccto) clamped 11 cars and another 8 were issued a citation ticket for their traffic violations during the alleged operation in sitio sudlon and road echavez today, july 19, 2021."
"ang animal health division sa department of veterinary medicine and fisheries sa cebu city government mopadangat na sad sa ilang services ngadto sa pipila ka mga barangay sa syudad sugod miyerkules, hulyo 21, 2021.

alang sa dugang mga pangutana mamahimong motawag sa 401-0418."
"mokabat sa 200 ka punoan sa guyabano ang natanom sa mga sakop sa ""house of i.t."" volunteers nga mipahigayon ug tree planting inabagan sa cebu city environment and natural resources (ccenro) sa sitio madre de cacaoan, barangay adlaon, bukirang bahin sa cebu city.

ang buhatan sa ccenro miawhag sa mga nagkalain-laing grupo nga buot mag-tree planting sa pag-coordinate sa ilang buhatan pinaagi sa pag-contact niini nga mga numero:

globe - 0977-3681-034 (jay bacalso)
smart - 0945-1861-103 (regie billones)

more than 200 guysabano trees were planted by the members of ‚Ä≤‚Ä≤ house of i. t."" volunteers who conducted tree planting in cebu city environment and natural resources (ccenro) in sitio madre de cacaoan, barangay adlaon, bukirang part of cebu city.

ccenro department urges different groups to do tree planting to coordinate their work by contacting these numbers:

globe - 0977-3681-034 (jay bacalso)
smart-0945-1861-103 (regie billions)"
"nakigtagbo ang mga kawani sa department of veterinary medicine and fisheries (dvmf) nga gipangulohan ni dr. jessica maribojoc kauban ang cebu city health department (cchd) ug market operations division (mod) sa mga meat ug fish dealers sa carbon public market karong adlawa, hulyo 19, 2021.

atol sa tigum, gi-representar sa taga dvmf ang mga lagda ug regulasyon kabahin sa hygienic handling of newly slaughtered meat ug sa chilled, frozen, ug thawed meat.

gihisgotan usab atol sa tigum ang pagparehistro ug paglisensya sa mga meat stakeholders ug ang bag-o nga rate sa regulatory service fee nga mo epektibo karong umaabot nga agosto 1, 2021.

staff meeting at department of veterinary medicine and fisheries (dvmf) headed by dr. jessica maribojoc with cebu city health department (cchd) and market operations division (mod) of meat and fish dealers at carbon public market today, july 19, 2021.

during the meeting, the dvmf represented the rules and regulations about the hygienic handling of newly slaughtered meat and the chilled, frozen, and thawed meat.

the registration and licensing of meat stakeholders and the new regulatory service fee rate that will be effective this coming august 1, 2021."
"gikan sa hulyo 1-15 karong tuiga, ang cebu city transportation office (ccto) miabot sa 4,233 ang naisyuhan og traffic citation ticket (tct) nga nakalapas sa lagda sa tapiko dinhi sa dakbayan sa sugbo.

gawas niini, naka-impound sab ang ccto og 309 ka motorsiklo, 16 ka pribado nga sakyanan, 7 ka trisikol, 65 ka e-bike, 1 ka taxi ug naka-clamp og 354 ka sakyanan.

sagad kanila nag-maniho nga wala marehistro ang sakyanan og walay mga lisensya ug nagpataka og parking ug uban pa.

from july 1-15 this year, the cebu city transportation office (ccto) reached 4,233 the traffic citation ticket (tct) that violated the tapiko rules here in cebu city.

aside from this, ccto also impounded 309 motorcycles, 16 private cars, 7 trisikols, 65 e-bikes, 1 taxis and clamped 354 cars.

as they say the car is not registered without licenses and is putting parking etc."
"sayo karong buntag, hulyo 19, 2021, daling gi-respondihan sa mga tinugyanan sa cebu city disaster risk reduction management office ang aksidenti sa barangay busay human mibangga ang usa ka toyota avanza sa usa ka balay.

kon adunay mga emerhensya sa inyong lugar, tawag dayon sa cebu city emergency hotline pinaagi niini nga mga numbers:

landline: 166/262-1424
cellphone: 0932-537-7770, 0947-178-0000, 09471789999, 09178399896 & 09235248222"
"cebu city government's flag raising ceremony, monday, july 19, 2021."
"sense of hope and joyful anticipation because sunday is very near; its not just a day after today,,but a day of meeting with the risen lord, a day of conversion and renewal.
tommorw seems very close or immediate,but no one holds the key to it. only god knows what tommorw brings; so we put our trust in god.
yesterday is gone; now or today is the present experience; and when we speak of ""tommorw"", it is reality tantamount to infinity, a glimpse of what forever is. tommorow is another term for heaven, a state of oneness with god.

#500yoccebu
#500yearsofchristianity"
"president rodrigo roa duterte leads the oath-taking of the newly elected officers and members of the partido demokratiko pilipino ‚Äì lakas ng bayan (pdp-laban), as well as the renewal of oath of former members, as he graces the pdp-laban‚Äôs national assembly on july 17, 2021.

the president, who is also the party chairman, addresses the attendees in today‚Äôs national assembly who have joined physically at the royce hotel in clark freeport zone, pampanga and via virtual convention.

#healasone
#dutertelegacy
#comfortablelifeforall
#partnerforchange"
"way pagduhaduha na pag alagad alang sa serbisyo publiko

join us this afternoon on another episode of tatak sotto as we take a look at the life of mr. clinton gairanod and his undying service in sotto.

see you mga ka-quaranteam!

#tataksotto
#sottobrandofcare
#sottosharedidentity
#kaquaranteam"
"moabot sa 80 ka modern public utulity jeepney (mpuj) ang bag-ong magdagan dinhi sa dakbayan sa sugbo ug lungsod sa liloan.

karong adlawa, biyernes, hulyo 16, 2021 gipahigayon ang ribbon cutting sa 80 ka units sa mpuj diha sa el corso sa south road property (srp) nga gipasiugdahan ni ltfrb-7 director eduardo montealto jr., nitambong sab si lto-7 director victor caindec.

si montealto niingon nga human sa kalihokan ihatag nila ang provisional authority ngadto sa tulo ka operators, duha niini cooperative ug usa ka corporation. kini maoy unang higayon nga tulo ka operators ang nagdungan.

ang 65 ka units magdagan sa mga rota dinhi sa dakbayan sa sugbo samtang ang 15 ka units magbiyahian sa rota sm cebu to liloan.

human sa kalihokan hatagan sa ltfrb special permit ang 80 ka units aron makabyahe dayon pagka sunod adlaw.

sa pagka karon moabot sa 721 ka modern jeepney ang nagdagan sa 65 ka rota dinhi sa dakbayan ug metro cebu ug probinsya.

the new runner will arrive at 80 modern public utulity jeepney (mpuj) in cebu city and liloan town.

today, friday, july 16, 2021 the ribbon cutting of 80 units of mpuj was held in el corso at south road property (srp) promoted by ltfrb-7 director eduardo montealto jr., lto-7 director victor caindec also attended.

montealto said that after the event they will hand over the provisional authority to three operators, two of them cooperative and one corporation. this is the first time three operators have come together.

65 units will run the routes here in cebu city while 15 units are going to travel the route sm cebu to liloan.

after the event ltfrb special permit will be given 80 units to travel immediately the next day.

so far 721 modern jeepneys are running 65 routes here in the city and metro cebu and province."
"nagpasalamat ang department of public works and highways (dpwh) 7 kang cebu city mayor edgar labella sa hugot nga pagsuporta niini sa metro cebu bike lane project pinaagi sa pagtagana og mga dalan sa syudad alang sa bike lane.

si atty. gerry carrillo, ang chairman sa cebu city bike lane board, maoy mirepresentar ug midawat sa pasidungog atol sa pormal nga pagbukas sa metro cebu bike lane network project nga gipahigayon sa south road property (srp) biyernes, hulyo 16, 2021.

ang maong proyekto nga metro cebu bike lane may gitas-on nga 129.66km sa upat ka lokasyon sa metro cebu nga naglangkob sa mandaue, lapulapu ug talisay ubos sa mandato sa republic act no. 11494 or the bayanihan to recover as one act.

nitambong inagurasyon mao si dpwh secretary mark villar, atty. mark steven pastor, dotr asec for road transport and infrastracture, ltfrb-7 director eduardo montealto jr, lto-7 director victor caindec, ug uban pa.

nahuman ang maong proyekto niadtong hunyo 30, 2021 sukad gisugdan sa pagtrabaho wala ka buwan ang nakalabay ug karon hingpit na mapahimuslan sa mga bikers ang bike lane nga nag promote sa healthy lifestyle ug clean environment karon anaa na kita sa new normal.

nanghinaut ang dotr makabenepisyo sa bike lane ang tanang mga siklista sa pagtindak nila sa pedal matag adlaw uban sa panghinaut nga sa kanunay dili kalimtan ang pag-amping diha sa kadalanan."
"mihatag og briefing si atty. ian kenneth lucero, ang pangu sa dilg cebu city, sa pipila ka mga department heads sa cebu city government kabahin sa pipila ka mga importanting provision sa mandanas case.

atty gave a briefing. ian kenneth lucero, the pangu of dilg cebu city, among some department heads of cebu city government is part of some important provisions in mandanas case."
"gilusad ang 2nd batch sa mga drug surrenderrers sa barangay kinasang-an ubos sa programa nga community-based drug rehab program sa cebu city office for substance abuse and prevention (cosap).

sa dili pa sila mopaubos sa maong programa, kinahanglan sila ipailawom una sa assist bi or alcohol smoking substance involvement screening test brief intervention nga himoon sa mga recovery coaches sa cosap."
"ave maria!!!
pope francis: "" if you want to see jesus, knock at the heart of his mother mary; and mary will bring you to where her son jesus is."""
"laing pasidungog na usab ang nadawat sa cebu city government gikan sa national childrens commission (ncc).

ang ncc mihatag sa seal of child-friendly local governance sa cebu city government nunot sa suporta sa katungod sa kabataan labi na sa survival, development, protecton and participation of governance.

pormal nga gidawat ni atty. mary rose lubino, ang chief-of-staff ni mayor edgar labella ang award gikan ni atty. ian kenneth lucero, pangu sa dilg cebu city."
"moabot 22 ka violators ang naisyuhan samtang 7 ka motorsiklo ang na-impound tungod kay expired og walay rehistro ang maong mga sakyanan atol sa hiniusang checkpoint sa land transportation office 7, highway patrol group 7 ug cebu city transportation office nga gipahigayon sa south road property karong adlawa, hulyo15, 2021."
"aduna pa‚Äôy available slots ang department of manpower placement and development alang sa ilang 3rd quarter online class 2021 nga naglangkob sa dressmaking morning schedule, static web design afternoon schedule, hilot/massage afternoon and evening schedules, ug housekeeping morning schedule.

alang sa mga interesado mo-avail, mamahimong mo walk-in sa opisina sa dmdp sa 2nd floor sa ramos public market gikan sa 8:00 sa buntag hangtod 5:00 sa hapon.

ang enrollment hangtod ugmang adlawa, hulyo 16, 2021. alang sa dugang pangutana mamahimong mangutana sa dmdp sa 407-7030."
ika-unom nga vaccination site sa cebu city government gibuksan na sa ayala center cebu.
"doctor marlo is here

join us live as we talk about prostate cancer with our guest expert, dr. marlo vir c. batucan, medical specialist iii from the vsmmc department of uro-surgery, together with our hosts dr. celia mabalatan and mr. amil fernandez opigal, and win exciting prizes!

#vsmmcprostatecancer
#thedoctorishere
#sottobrandofcare
#sottosharedidentity"
"mayor labella lakip sa top 10

anaa sa top 10 si cebu city mayor edgar labella sa mga mayor sa tibuok nasud nga nalakip sa job approval rating of city mayors/per regional center nga gihimo sa rp-mission and development foundation inc."
"moabot sa 50 ka sakyanan ang na-clamp sa cebu city transportation office (ccto) kagabii, hulyo 13, 2021 tungod sa kalapasan sa city ordinance 2004 o pagpataka og parking panahon sa kagabhi.on.

pipila ka mga reklamo ang nadawat sa ccto hinongdan nga daling mi-aksyon ang maong buhatan.

lakip sa mga lugar kun diin gipahigayon ang operation sa ccto mao ang:

tisa -(deca,mohon,tabay lawom,torquise st.,jade st.,ruby st.silver st.,gold st diha sa rivaridge);

salvador st. (casa mera);

banawa (horse shoe drive); ug

guadalupe (modesta, buena hills sa saphire og emerald st.)"
"nadawat na sa cebu city government ang 9,731 ka mga cash card alang sa mga senior citizens sa south district ug north district, martes, hulyo 13, 2021.

si vivian visnar, ang branch manager sa land bank of the philippines cebu plaza independencia branch, maoy naghatud sa mga cash card aron magamit dayon sa mga senior citizens nga rehistrado sa office of the senior citizens affairs (osca).

si jeffrey ocampo, ang pangu sa osca, mihangyo sa ubang membro nga e-proseso na ang ilang application form ngadto sa iyang buhatan aron sayon nalang unya kanila ang pagkobra sa ilang binuwan nga financial assistance.

niining higayona mas dali na unya ang pagpanghatag ug dili na kinahanglan nga adtoon pa sa matag panimalay ang ilang binuwan nga hinabang gikan sa cebu city government.

cebu city government has received 9,731 cash cards for senior citizens in south district and north district, tuesday, july 13, 2021.

vivian visnar, the branch manager of the land bank of the philippines cebu plaza independencia branch, delivered cash cards so that senior citizens registered in the office of the senior citizens affairs (osca) can be used.

jeffrey ocampo, the ceo of osca, asked other members to process their application forms to their work so that it will be easy for them to have more financial assistance.

this time giving is faster and there is no need for their monthly rent from cebu city government to go to every household."
"gituman ni cebu city mayor edgar labella ang iyang saad sa mga medical frontliners nga gipadala sa ncr plus human nila madawat ang ilang tag p30,000 nga allowance gikan sa city government.

cebu city mayor edgar labella fulfilled his promise to medical frontliners sent to ncr plus after they received their tag of p30, 000 allowance from the city government."
"mibisita sa cebu city hall ang pambato sa pilipinas alang sa 2021 tokyo olympics alang sa 64 kilograms category sa weightlifting nga si elreen ann ando karong adlawa, hulyo 13, 2021.

uban kaniya si konsehal dondon hontiveros ug mitimbaya usab si atty. mary rose lubino, ang chief of staff ni mayor edgar labella atol sa pagbisita ni dico kinsa lumad gyod nga taga cebu city."
"luwas nga na rescue sa mga tinugyanan sa cebu city disaster risk reduction management office ang usa ka lineman sa usa ka telecommunications company nga nakuryentihan diha duol sa el corso sa south road properties.

gidala na sa hospital ang maong lineman."
"ang cebu city transportation office (ccto) padayong nagpahinumdom sa mga drivers bahin sa city ordinance 2452 kon ang balaod nga nagpatuman og truck ban sa syudad nga gidili gihapon ang mga truck nga dunay gibug-atong nga 6,500 kilogram pataas nga motadlas sa kadalanan gikan sa 6:30 sa buntag hangtod 8:00 sa buntag ug alas 4:00 sa hapon hangtod alas 7:00 sa gabii.

cebu city transportation office (ccto) continues to remind drivers about city ordinance 2452 if the law that implemented a truck ban in the city is still not the trucks weighing 6,500 kilograms and upward that will endure the city streets from 6:30 am to 8:00 am and 4:00 pm to 7:00 pm."
"sa labing unang higayon, cebu city government ubos sa administrasyon ni mayor edgar labella nakadawat og unmodified opinion sa audit sa coa sa tuig 2020."
"fri, jul 30
cebu city quincentennial lecture series episode 4"
"""in the lights of fatima"", speaker: msgr. joseph tan

#500yoccebu
#500yearsofchristianity
#500yearsofchristianityinthephilippines"
"pahinumdom: ania na ang guide alang sa pag-avail sa burial assistance program sa cebu city government.

youtube.com
burial assistance sa cebu city government"
"aduna ba kamo‚Äôy nakit-an nga namutol og kahoy?

ang cebu city environment and natural resources office (ccenro) nanawagan sa publiko sa tawag sa ilang buhatan pinaagi niini nga mga numbers: 0977 368 1034 ug 0945 186 1103 aron sa pag-verify kon adunay permit ang maong pagpamutol og kahoy.

niadtong miaging semana, ang ccenro mitawag sa atensyon sa mga contractor sa visayan electric company (veco) nga namutol og kahoy human makadawat ang ilang buhatan og sunod-sunod nga mga reports nga nga adunay mga kahoy nga gipangputol sa mga contractors sa veco ilabina diha sa atubangan sa campus sa sc-sit sa n. bacalso ave., syudad sa sugbo.

daling gitawagan sa ccenro ang mga hingtungdan contractor aron patubagon sa mas daling panahon bahin sa ilang pagpamutol sa kahoy.

pahimangnu sa ccenro sa mga contractor sa veco nga kutob lang gyud sila sa trimming ug pruning sa mga kahoy nga maka-apekto sa mga linya sa kuryente."
"sa labing unang higayon, nakuha sa cebu city government ang ‚Äúunmodified opinion‚Äù sa annual audit alang sa tuig 2020 nga gihimo sa commission on audit (coa) ubos sa administrasyon ni mayor edgar labella.

ang unmodified opinion maoy pinaka taas nga rating nga mahatag sa coa sa usa ka government office ug nagpasabot nga ang pag-gasto sa syudad sa kwarta sa katawhan nahisubay sa mga lagda sa balaod ang pag-gasto sa kwarta sa syudad agig pagtuman sa international public sector accounting standards (ipsas)."
"cebu city government's flag raising ceremony, monday, july 12, 2021."
"sense of hope and joyful anticipation because sunday is very near; its not just a day after today,,but a day of meeting with the risen lord, a day of conversion and renewal.

tommorw seems very close or immediate,but no one holds the key to it. only god knows what tommorw brings; so we put our trust in god.

yesterday is gone; now or today is the present experience; and when we speak of ""tommorw"", it is reality tantamount to infinity, a glimpse of what forever is. tommorow is another term for heaven, a state of oneness with god."
"gipahigayon ang ground breaking ceremony sa southpark residences niadtong biyernes, hulyo 9, 2021 nga nahimutang sa sitio candarong, barangay pulangbato, syudad sa sugbo.

ang southpark residences, usa ka housing project ubos sa government employees housing program sa national housing authority (nha)

usa siya ka medium-rise condominium type housing sa nha nga tukuron 2.1 hectare diin duha ka 10 storey ug usa ka 13 storey residential buildings nga adunay landscape gardens, tree-lined road network,commercial facilities ug community amenities.

atol sa grounbreaking ceremony, ang pinasidunggan dinapit sa nha mao si senador christopher lawrence t. go ug nitambong sab sila si opav sec. michael llyod dino, cebu city councilor raymod garcia maoy representante ni mayor edgar labella, centcom chief roberto ancan, pro-7 director ronnie montejo, ccpo director josefino ligan, lto-7 director victor caindec ug uban pa.

si nha general manager marcellino escalada jr., niingon ang southpark residences dunay budget nga 1.6 billion pesos nga adunay 850 units nga gibana-bana mahuman karung 2023. sakto kini sa gidak-on kay moabot sa 42 square meter floor area.

kini maoy una nga mid-rise building gawas sa metro manila ug ika 27 na ka building sa government housing program nga natukod sa nha sa nagkalain-laing lugar sa luzon ug mindanao ubos sa administrasyon ni presidente rodrigo r. duterte.

si senador go, nibutyag nga nalipay siya nga usa sa mga saad ni presidente duterte natuman gyud nga makakuha baratong balay ang mga sakop sa kasundalohan ug kapulisan.gidugang nga go nga laing saad sa presidente mao ang pagtaas sa sweldo sa kapulisan ug kasundalohan tungod kay dako natabang ug sakripisyo, nibuhis sa ilang kinabuhi batok sa kampanya sa kriminalidad ug kampanya batok sa ginadili nga drogas nga gitawag og ""modern day heroes"" hinungdan angayan lang nga hatagan og desenting panimalay ang mga kasundalohan ug kapulisan.

matud ni escalada 850 ka units, 35 porsiyento niini gitagana nga units sa mga sakop sa armed forces of the philippines (afp) 35 porsiyente sa philippine national police (pnp) 20 porsiyente sa mga empleyado sa cebu city government ug ubang lgus sa probinsya sa sugbo, samtang 10 porsiyento sa mga sakop sa philippine coastguard, bureau of jail managamenet and penology (bjmp) ug overseaes filipino workers.

gidugang ni escalada si presidente duterte naghatag og 100,000 subsidy nga ihatag sa mga sundalo ug kapulisan nga mo apply nga mokuha unit sa southpark diin moabot sa p1.9 milyon ngadto sa p2 milyon ang kantidad sa matag units niini."
"mibisita sa cebu city hall si davao city mayor sara duterte karong adlawa, hulyo 10, 2021.

sila si city councilor raymond garcia, city administrstor atty. floro casas jr., city councilor raymond garcia, mcwd chairman joey daluz ug atty. mary rose lubino, ang chief-of-staff sa office of the mayor ang miabi-abi kang mayor sara."
"patas nga serbisyong may dedikasyon sa isigkaingon

join us this afternoon on another episode of tatak sotto as we take a look at the life of dr. eduardo arcenas and his undying service in sotto.

see you mga ka-quaranteam!

#tataksotto
#sottobrandofcare
#sottosharedidentity
#kaquaranteam"
"mi-turn over og 150 units nga globe at home prepaid wi-fi router ang ayala foundation incorporated sa department of education (deped) cebu city karong adlawa, hulyo 9, 2021.

moabot sa 15 ka mga public schools dinhi sa dakbayan sa sugbo ang makabenepisyo sa wi-fi router nga gi-donar sa ayala foundation incorporated.

lakip sa mga public schools nga makadawat alang sa north district mao ang tejero elementary school, zapatera elementary school, camputhaw elementary school, city central elementary school, mabolo elementary school, hipodromo elementary school, ug lahug elementary school.

samtang sa south district public schools lakip sa makadawat mao ang don vicente rama memorial elementary school, pardo elementary school, punta princess elementary school, inayawan elementary school, san nicholas elementary school, banawa elementary school, pasil elementary school, ug buhisan elementary school.

ang deped cebu city nga gipangulohan ni dr. rhea mar angtud, ang deped cebu city superintendent, mapasalamaton sa gihatag nga mga wi-fi routers sa ayala foundation.

mitambong sa turnover ceremony si dino abellanosa, ang marketing head sa ayala foundation, steve gingco, ang president sa ayala business club-cebu, adonis evangelista, ang region sales head sa globe, melissa dela cruz, kinsa maoy ni-representa alang sa cebu city government ug ang bag-o nga chairman sa local school board (lsb), ug pipila ka mga school heads ug representante sa 15 ka mga beneficiaries."
"sa labing unang higayon, nakuha sa cebu city government ang ‚Äúunmodified opinion‚Äù sa annual audit alang sa tuig 2020 nga gihimo sa commission on audit (coa) ubos sa administrasyon ni mayor edgar labella.

unsay pasabot niini? ania si city accountant jerome ornopia ug city treasurer mare vae reyes aron mas mapasabot pa kini."
carmelite monastery cebu|| novena mass- july 8 (thursday)
"naghatod og 4,200 liters nga water tank ang mga personnel gikan sa department of public services nga gipangulohan ni engineer rufina a. adlawan sa ramos public market karong adlawa, hulyo 8, 2021.

dako og tabang ang maong water tank alang sa tarong nga water supply sa pampublikong merkado sa ramos aron magpabilin kini nga limpyo.

personnel from department of public services headed by engineer rufina a delivered 4,200 liters of water tank. ramos public market today, july 8, 2021.

that water tank is a great help for the proper water supply in ramos public market to keep it clean."
"pahibalo alang sa mga taxpayers

gipahibaw sa city treasurer‚Äôs office nga karong umaabot nga martes, july 20, 2021 na ang deadline sa pagbayad sa business taxes ug uban pang bayranan alang sa third (3rd) quarter sa calendar year 2021.

mamahimong mobayad online pinaagi sa cebu city‚Äôs official website https://www.cebucity.gov.ph/ o mobisita sa satellite office sa cto nga anaa mahimutang sa 2nd floor sa sm city cebu gikan alas 10:00 am hangtod 5:00 pm, gikan lunes hangtod biyernes.

abli sab ang satellite office sa cto sa sm city cebu sa july 17, 2021 (sabado) ug july 20, 2021 (eidul adha/feast of sacrifice) aron mo-accommodate sa bayad sa mga taxpayers ug sa ilang concern."
"our lady of mt.carmel|| novena mass @ carmelite monastery, mabolo cebu city"
"kapin 600 ka mga vendors ang nakabalik na sa pagpaninda sa mga sidewalk dinhi sa dakbayan sa sugbo human gimando ang paghawan niadtong tuig 2019 sa department of interior and local government (dilg) ubos sa kamandoan ni presidente rodrigo duterte.

ang gibuhat sa city government ubos sa administrasyon ni mayor labella gikalipay og maayo sa mga vendors nga nakabalik na sila sa pagpaninda nga maoy gikuhaan nila sa tanan nga panginahanglan sa inadlaw-adlaw para sa ilang pamilya.

more than 600 vendors have returned to selling sidewalks here in cebu city after the clearance was ordered in 2019 by the department of interior and local government (dilg) under the rule of president rodrigo duterte.

what the city government has done under mayor labella's administration is very happy to the vendors that they are back in the sales that they have taken all the daily needs for their families."
"usa ka eucharistic mass ug flag raising ceremony ang gipahigayon karong buntaga, hulyo 7, 2021, isip pasiunang mga kalihukan alang sa annual organizational session sa 15th sangguniang panlungsod sa syudad sa sugbo.

mi-attend sa misa ang mga opisyal sa city council nga gipangunahan ni vice mayor michael rama kauban ang mga city councilors gikan sa north district ug south district ning syudad.

lakip sab sa mi-attend sa misa ang pipila ka mga pangu ug mga empleyado sa nagkalain-laing departamento ug buhaton sa cebu city government.

usa ka eucharistic mass and flag raising ceremony was held this morning, july 7, 2021, preliminary activities for the annual organizational session at the 15th city council in cebu.

city council officials attended the mass led by vice mayor michael rama together with city councilors from the north district and south district.

some pangu and employees in different departments also attended the mass and will be done by cebu city government."
"doctor alvin is here

join us live as we talk about kidney failure: choosing the treatment that is right for you with our guest expert, dr. alvin g. roxas, medical specialist iii from the vsmmc transplant and vascular surgery, together with our hosts dr. celia mabalatan and mr. amil fernandez opigal, and win exciting prizes!

#vsmmckidneytransplant
#thedoctorishere
#sottobrandofcare
#sottosharedidentity"
15th sangguniang panlungsod annual organizational session.
"president rodrigo roa duterte meets with the executives of the partido demokratiko pilipino-lakas ng bayan (pdp-laban) and other government officials at the malaca√±ang golf (malago) clubhouse in malaca√±ang park, manila on july 6, 2021.

the attendees, composed of the officials present in malago and those participating via virtual conference, discuss their respective offices‚Äô accomplishments under the leadership of the chief executive and other updates.

#healasone
#dutertelegacy
#comfortablelifeforall
#partnerforchange"
"national cultural consciousness week | closing program and webinar on cultural mapping
speaker: prof. bernie arellano iii, university of the philippines - los ba√±os"
"padayon gihapon ang pag-inspeksyon ug pag-monitor sa emergency operations center (eoc)-task force sa mga nagkalain-lain nga mga establisamento dinhi sa dakbayan sa sugbo aron nga masiguro nga masunod ang mga minimum health protocols.

base sa datos gikan sa eoc- task force, moabot na sa 2,021 ang mga establisamento nga na-inspect ug 106 niini ang nakalapas sa mga health protocols samtang 14 ang na isyuhan og show cause order.

gipahibaw sab eoc task-force nga kung aduna kamo nakita nga mga establisamento nga nag-violate sa health protocols, mag padala lang og message o mo contact sa ilang number 63 947-486-1655 o 411-0100 loc. 6104."
"happy 27th anniversary, dmdp!

ang department of manpower development and placement (dmdp) nagsaulog sa ilang ika-27 nga anniversary karong adlawa, hulyo 7, 2021.

si mayor edgar labella mapasalamaton sa dmd sa ilang padayon nga pagtabang sa katawhan sa syudad pinaagi sa pag-initiate og mga livelihood trainings sa katawhan sa syudad.

lakip sa ilang kalihukan isip pagtimaan sa ilang 27th anniversary mao ang hamubo nga programa nga pangunahan sa office-in-charge sa dmdp nga si sheila may daluz. lakip sa mohatag sa iyang inspirational message si vice mayor michael rama.

human sa progam pagahimuon ang ribbon cutting sa showcase area sa mga livelihood products sa dmdp samtang sugod sa 1:00 sa hapon karong adlawa, ipahigayon usab ang virtual job fair."
15th sangguniang panlungsod annual organizational session.
"eucharistic celebration for the organizational session of the cebu city council, wednesday, july 7, 2021."
"nagpahigayon og managlaing roving ug clearing operation ang enforcement team sa market operations division (mod) sa pardo public market ug carbon public market karong adlawa, hulyo 6, 2021, nga gipangulohan ni market administrator irvin cabales ug ang head of operation dariel manliguez.

kini gipahigayon subay sa kamanduan ni cebu city mayor edgar labella nga magpabiling limpyo ug luwas ang mga kamerkaduhan dinhi sa dakbayan sa sugbo alang sa mga mamalitay ug mga manindahay.

the enforcement team in the market operations division (mod) conducted a different roving and clearing operation at pardo public market and carbon public market today, july 6, 2021, led by market administrator irvin cabales and head of operation dariel so crazy.

this was conducted according to cebu city mayor edgar labella's addiction to keep the kamerkas clean and safe here in cebu city for buyers and homeowners."
"kapin 600 ka mga vendors ang nakabalik na sa pagpaninda sa mga sidewalk dinhi sa dakbayan sa sugbo human gimando ang paghawan niadtong tuig 2019 sa department of interior and local government (dilg) ubos sa kamandoan ni presidente rodrigo duterte.

nagsugod sa pagpaninda ang mga vendors niadtong biyernes hulyo 2, 2021 apan anha ra sila makapaninda nga dunay 2.5 ang gilapdon niini.

niadtong lunes petsa 5 ning buwan sa hulyo, si konsehal renato osme√±a jr., chairman sa committee on market sa konseho sa dakbayan sa sugbo nisuroy ug nihimo inspeksyon sa sidewalk, uban sa pangulo sa prevention restoration order beautification enhancement kon probe raquel arce, cebu city transportation office head lyntoni alburo, city enforcement sanitation and enforcement team (ceset), market operation division, department for the welfare of the urban poor (dwup), cebu city anti mendicancy board ug pangulo sa cebu city united vendors association maria pino.

si arce nibutyag ang pagpabalik sa mga vendors subay sa rekomendasyon sa gasa kun garbo asenso sumbanan alyansa ug dunay ordinansa nga naghatag og kahigayonan nga mapaminaw ang yango-ngo sa mga vendors.

ang gibuhat sa city government ubos sa administrasyon ni mayor labella ug bise mayor michael rama, mga sakop sa konseho, gikalipay og maayo sa mga vendors nga nakabalik na sila sa pagpaninda nga maoy gikuhaan nila sa tanan nga panginahanglan sa inadlaw-adlaw para sa ilang pamilya sama nilang virgilio 47-anyos taga buhisan ug marissa taga capitol site nga pila na katuig naninda sa sidewalk."
"gilusad sa cebu city government pinaagi sa cebu city tourism commission (cctc) inubanan sa department of tourism central visayas (dot-7) ang american era heritage tour niadtong hulyo 4, 2021.

youtube.com
cebu city american era heritage tour"
"president rodrigo roa duterte visits the western mindanao command (wesmincom) in zamboanga city to honor the wounded-in-action (wia) and killed-in-action (kia) soldiers on 5 july 2021, a day after a philippine air force (paf) plane crashed in patikul village in jolo, sulu.

upon arrival, the commander-in-chief visits the camp navarro general hospital (cngh) to award the order of lapu-lapu with the rank of kampilan to the wia soldiers. thereafter, he proceeds to the naval forces for western mindanao (navforwem) and leads the symbolic conferment of the order of lapu-lapu with the rank of kalasag to the kia soldiers.

by virtue of executive order (eo) no. 35 signed on 28 july 2017, the order of lapu-lapu kampilan and kalasag medals are awarded to officials and personnel of the government, as well as private individuals, who were seriously wounded or suffered great loss of property and to those who lost their lives, in the pursuit of the president‚Äôs campaign or advocacy.

#healasone
#dutertelegacy
#comfortablelifeforall
#partnerforchange"
